batch,product,url,laag,ernst/oordeel,bevinding/claim,toelichting,bron
1,Topdon Phoenix Max | Uitleesapparaat | Auto,https://astools.nl/products/topdon-phoenix-max-auto-uitleesapparaat,intern,laag,"Protocollenlijst is inconsistent binnen de tekst: de intro noemt 'J2534, DoIP, CAN FD en RP1210', verderop bij Diagnosefuncties wordt daar ineens D-PDU aan toegevoegd ('J2534, DoIP, CAN FD, D-PDU en RP1210'). De spec-tabel noemt de protocollen helemaal niet.",,
1,Topdon Phoenix Max | Uitleesapparaat | Auto,https://astools.nl/products/topdon-phoenix-max-auto-uitleesapparaat,intern,laag,"Verpakkingsinhoud telt verwarrend: '1x Zekering (φ5x20mm, 4 stuks)' en '1x Zekering (φ6x30mm, 2 stuks)' — 1x en 4/2 stuks spreken elkaar tegen; bedoeld is waarschijnlijk 4 resp. 2 zekeringen.",,
1,Topdon Phoenix Max | Uitleesapparaat | Auto,https://astools.nl/products/topdon-phoenix-max-auto-uitleesapparaat,extern,klopt,"13.3-inch touchscreen (1920x1200), Android 9.0, 8-core 2.0 GHz, 8 GB RAM, 256 GB opslag","Topdon EU productpagina bevestigt exact: LCD 13.3 inch 1920x1200, Android 9.0, 8-Core Processor 2.0 GHz, 8GB RAM, 256GB opslag.",https://eu.topdon.com/products/phoenix-max
1,Topdon Phoenix Max | Uitleesapparaat | Auto,https://astools.nl/products/topdon-phoenix-max-auto-uitleesapparaat,extern,klopt_niet,Accu: 18600 mAh / 7.6V,"De capaciteit van 18600 mAh klopt, maar zowel topdon.us als eu.topdon.com vermelden 3.8V ('18600mAh/3.8v'), niet 7.6V zoals in de spec-tabel van het dossier.",https://www.topdon.us/products/phoenix-max
1,Topdon Phoenix Max | Uitleesapparaat | Auto,https://astools.nl/products/topdon-phoenix-max-auto-uitleesapparaat,extern,klopt,Softwarelicentie van 2 jaar (24 maanden updates) inbegrepen,"Topdon US vermeldt '2 Years of Free Software Upgrades' en Topdon EU 'Two Years of Free Software Updates' voor het automotive-deel. Let op: één dealer adverteert 3 jaar, maar de fabrikant zegt 2 jaar.",https://www.topdon.us/products/phoenix-max
1,Topdon Phoenix Max | Uitleesapparaat | Auto,https://astools.nl/products/topdon-phoenix-max-auto-uitleesapparaat,extern,klopt,"MDCI Pro VCI ondersteunt J2534, DoIP, CAN FD en RP1210","Topdon US noemt J2534, DoIP en CAN FD; Topdon EU noemt CAN FD, DoIP, D-PDU en RP1210. Samen dekken de fabrikantpagina's alle genoemde protocollen.",https://eu.topdon.com/products/phoenix-max
1,Jaltest AGV (Agricultural) Uitleesapparaat,https://astools.nl/products/jaltest-agv-agricultural-uitleesapparaat,intern,midden,"Spec-tabel claimt 'IP40 stof- en spatwaterbestendig'. Dit is intern tegenstrijdig: een IP40-classificatie betekent per definitie géén waterbescherming (tweede cijfer 0), dus 'spatwaterbestendig' kan niet samengaan met IP40.",,
1,Jaltest AGV (Agricultural) Uitleesapparaat,https://astools.nl/products/jaltest-agv-agricultural-uitleesapparaat,intern,laag,De spec-rij 'Afmetingen' bevat geen afmetingen maar een marketingclaim ('Compact en lichtgewicht ontwerp (±76% lichter dan Jaltest V8)').,,
1,Jaltest AGV (Agricultural) Uitleesapparaat,https://astools.nl/products/jaltest-agv-agricultural-uitleesapparaat,extern,klopt,Jaarlijkse softwarelicentie met drie grote software-updates per jaar,"Jaltest/Cojali bevestigt drie updates per jaar ('three updates per year where new makes, models and systems... are added'), en dealers bevestigen het jaarlijkse licentiemodel voor o.a. AGV.",https://www.jaltest.com/en/diagnostics/jaltest-diagnostics/
1,Jaltest AGV (Agricultural) Uitleesapparaat,https://astools.nl/products/jaltest-agv-agricultural-uitleesapparaat,extern,klopt,Jaltest Link V9 is ±76% lichter dan de Jaltest V8,"Onafhankelijke Jaltest-dealerbron bevestigt 'the Jaltest V9 is 76% lighter than its predecessor'. Niet op jaltest.com zelf teruggevonden, maar consistent bij distributeurs.",https://dieseltruckdiagnostictools.com/blogs/news/jaltest-link-v9-specs-price-guide
1,Jaltest AGV (Agricultural) Uitleesapparaat,https://astools.nl/products/jaltest-agv-agricultural-uitleesapparaat,extern,twijfel,IP40-behuizing,"Bronnen spreken elkaar tegen: een dealerpagina noemt IP40 ('preventing the inlet of dirt and water (IP40)'), een andere bron noemt IP54 voor de V9. Bovendien impliceert IP40 geen waterbescherming, wat botst met de eigen tekst.",https://dieseltruckdiagnostictools.com/blogs/news/jaltest-link-v9-specs-price-guide
1,Jaltest AGV (Agricultural) Uitleesapparaat,https://astools.nl/products/jaltest-agv-agricultural-uitleesapparaat,extern,niet_verifieerbaar,Bluetooth 5.0 en CAN FD-ondersteuning,"Fabrikant- en dealerbronnen bevestigen Bluetooth/WiFi/USB-connectiviteit en de SUBD-26-connector, maar noemen nergens expliciet de Bluetooth-versie 5.0 of CAN FD voor de Link V9.",https://www.jaltest.com/en/article/70001015/jaltest-link-v9/
1,Jaltest LCV (Light Commercial Vehicle) Uitleesapparaat,https://astools.nl/products/jaltest-bestelauto-uitleesapparaat,intern,midden,"Zelfde tegenstrijdigheid als bij de AGV-variant: spec-tabel claimt 'IP40 stof- en spatwaterbestendig', terwijl IP40 per definitie geen waterbescherming inhoudt.",,
1,Jaltest LCV (Light Commercial Vehicle) Uitleesapparaat,https://astools.nl/products/jaltest-bestelauto-uitleesapparaat,intern,laag,De spec-rij 'Afmetingen' bevat geen afmetingen maar een marketingclaim ('±76% lichter dan Jaltest V8').,,
1,Jaltest LCV (Light Commercial Vehicle) Uitleesapparaat,https://astools.nl/products/jaltest-bestelauto-uitleesapparaat,intern,laag,"De merkenlijst onder 'Bestelauto`s' bevat merken die primair zware trucks bouwen (o.a. Freightliner, International, UD Trucks, Hino USA, MAN); niet per se fout (sommige hebben LCV-modellen of vallen onder Jaltest-dekking), maar het oogt niet zuiver voor een LCV-lijst en is niet te herleiden tot een officiële Jaltest LCV-dekkinglijst.",,
1,Jaltest LCV (Light Commercial Vehicle) Uitleesapparaat,https://astools.nl/products/jaltest-bestelauto-uitleesapparaat,extern,klopt,Jaarlijkse softwarelicentie met drie grote software-updates per jaar,"Cojali/Jaltest hanteert voor alle modules (CV, LCV, AGV, OHW, Marine, MHE) een jaarlicentie met drie software-releases per jaar.",https://www.jaltest.com/en/diagnostics/jaltest-diagnostics/
1,Jaltest LCV (Light Commercial Vehicle) Uitleesapparaat,https://astools.nl/products/jaltest-bestelauto-uitleesapparaat,extern,klopt,"Geleverd met Jaltest Link V9 interface (SUBD-26 connector, Bluetooth/USB)",De Jaltest Link V9 (art. 70001015) is de actuele interface met 26-pins Sub-D-connector en draadloze verbinding; bundels met kabels en koffer worden zo door distributeurs geleverd.,https://www.jaltest.com/en/article/70001015/jaltest-link-v9/
1,Jaltest LCV (Light Commercial Vehicle) Uitleesapparaat,https://astools.nl/products/jaltest-bestelauto-uitleesapparaat,extern,twijfel,IP40-behuizing / spatwaterbestendig; Bluetooth 5.0; CAN FD,IP-classificatie wordt door bronnen verschillend vermeld (IP40 vs IP54); Bluetooth 5.0 en CAN FD zijn voor de Link V9 nergens bij fabrikant of dealers expliciet bevestigd.,https://dieseltruckdiagnostictools.com/blogs/news/jaltest-link-v9-specs-price-guide
1,OBDSTAR ECU Master | Programmeur,https://astools.nl/products/obdstar-ecu-master-programmeur,intern,hoog,"De beschrijving en spec-tabel stellen herhaaldelijk dat het apparaat 'beschikbaar is in drie configuraties (A, B, C)', maar de eigen productvarianten verkopen vijf opties, waaronder 'Configuratie D (Airbag)' en 'ABCD (Alle voertuigtypen)'. Configuratie D bestaat ook officieel bij OBDSTAR. Tekst en variantenaanbod spreken elkaar direct tegen.",,
1,OBDSTAR ECU Master | Programmeur,https://astools.nl/products/obdstar-ecu-master-programmeur,intern,midden,"Er staat één vaste verpakkingsinhoud, terwijl de inhoud per configuratie verschilt (variant D heet expliciet 'incl. extra hardware' maar die extra hardware wordt nergens gespecificeerd). Ook de functiedekking van configuratie D (airbag/BMS/SAS-reset) ontbreekt volledig in tekst en spec-tabel.",,
1,OBDSTAR ECU Master | Programmeur,https://astools.nl/products/obdstar-ecu-master-programmeur,intern,laag,"De basisprijs €659.95 op de productpagina is de prijs van de goedkoopste variant (D, airbag), terwijl de titel en beschrijving over de ECU-programmeur voor personenauto/motor/HD gaan; zonder duiding kan dit misleidend zijn over wat je voor dat bedrag krijgt.",,
1,OBDSTAR ECU Master | Programmeur,https://astools.nl/products/obdstar-ecu-master-programmeur,extern,klopt_niet,"Beschikbaar in drie configuraties: A (Passenger Car/EV), B (Motorcycle), C (HD)","De dekking van A, B en C klopt, maar er zijn officieel víér configuraties: D (Airbag/BMS/SAS-reset, functioneel gelijk aan de OBDSTAR P50) bestaat ook en wordt door astools zelf als variant verkocht. 'Drie configuraties' is dus feitelijk onjuist.",https://www.obdii365.com/wholesale/obdstar-ecu-master.html
1,OBDSTAR ECU Master | Programmeur,https://astools.nl/products/obdstar-ecu-master-programmeur,extern,klopt,"Meegeleverd: M001C hoofdkabel, BENCH-C V1 bench-kabel, C4-10 adapter (JTAG/BDM), W004/W005/W006 soldeerdraden, jumperdraden in 8 specificaties, 3-in-1 jumper verlengkabel, USB-kabel","Dealer-packagelijst bevestigt exact deze inhoud: 1x C4-10, 1x M001C, 1x W004, 1x W005, 1x W006, 1x BENCH-C-V1, 1x 3-in-1 jumper cable, jumpers in 8 typen (J-A t/m J-O), USB-kabel.",https://www.obdii365.com/wholesale/obdstar-ecu-master-configuration-c-for-hd.html
1,OBDSTAR ECU Master | Programmeur,https://astools.nl/products/obdstar-ecu-master-programmeur,extern,klopt,Voeding: 14V / 60W lader,"Dealer-packagelijst vermeldt 'Charger (14V 4.28A)'; 14V x 4.28A is ca. 60W, consistent met de opgave.",https://www.obdii365.com/wholesale/obdstar-ecu-master-configuration-c-for-hd.html
1,OBDSTAR ECU Master | Programmeur,https://astools.nl/products/obdstar-ecu-master-programmeur,extern,klopt,PC-gebaseerde bediening via USB (bench-tool),"OBDSTAR positioneert de ECU Master als 'the first professional PC-based ECU Flasher' met OBD/BENCH/BOOT/JTAG/BDM-modi; wel vermeldt minstens één packagelijst een 'ECU MASTER Tablet PC' als hoofdunit, dus de exacte vormfactor per configuratie verdient een dubbelcheck.",https://www.obdii365.com/wholesale/obdstar-ecu-master.html
1,Autel IM608 II | Sleutelprogrammeur | Auto,https://astools.nl/products/autel-maxiim-im608-ii-auto-sleutelprogrammeur,intern,laag,"De protocollenlijst in de spec-tabel bevat dubbelingen: J1939 en SAE-J1708 staan er twee keer in ('...J1939, SAE-J1708, SAE-J2610... TP 2.0, TP 1.6, SAE J1939, SAE J1708...').",,
1,Autel IM608 II | Sleutelprogrammeur | Auto,https://astools.nl/products/autel-maxiim-im608-ii-auto-sleutelprogrammeur,intern,laag,Spec-tabel vermeldt 'ISO 9142-2'; dit is vrijwel zeker een typfout voor ISO 9141-2 (de typfout komt overigens ook in Autel-materiaal voor).,,
1,Autel IM608 II | Sleutelprogrammeur | Auto,https://astools.nl/products/autel-maxiim-im608-ii-auto-sleutelprogrammeur,intern,laag,"Merkindeling rammelt: Genesis (Koreaans) staat onder 'Amerikaanse merken' en FUSO (Japans, Mitsubishi Fuso) staat onder 'Overige (o.a. Chinese merken)'.",,
1,Autel IM608 II | Sleutelprogrammeur | Auto,https://astools.nl/products/autel-maxiim-im608-ii-auto-sleutelprogrammeur,extern,klopt,"Android 10, Qualcomm octa-core 2.2GHz, 4GB RAM / 128GB opslag, 10.1-inch 1920x1200 scherm, 15000 mAh accu","Autel-officiële specificaties bevestigen alles exact: Android 10, Qualcomm SDM660 Octa-core (2.2GHz), 4GB RAM & 128GB, 10.1-inch 1920x1200, 15000 mAh 3.8V; ook afmetingen (300x220x50 mm) en gewicht (1.58 kg) komen overeen.",https://www.autel.com/immotool1/4026.jhtml
1,Autel IM608 II | Sleutelprogrammeur | Auto,https://astools.nl/products/autel-maxiim-im608-ii-auto-sleutelprogrammeur,extern,klopt,XP400 Pro key programmer en MaxiFlash JVCI+ (J2534) worden meegeleverd,"Dealer-packagelijsten voor de IM608 II bevatten de XP400 Pro, JVCI+ en dezelfde APA/APB-adapters als in het dossier. Kanttekening: Autels eigen vergelijkingspagina vermeldt dat de XP400 Pro ook los verkrijgbaar is, maar in het standaard IM608 II-pakket zit hij erbij.",https://www.autelshop.us/products/autel-maxiim-im608-ii-im608-2-years-update
1,Autel IM608 II | Sleutelprogrammeur | Auto,https://astools.nl/products/autel-maxiim-im608-ii-auto-sleutelprogrammeur,extern,klopt,2 jaar gratis software-updates inbegrepen,"Meerdere officiële Autel-dealers adverteren de IM608 II expliciet met '2 Years Free Update'; Autel.com zelf noemt geen termijn, dus de bevestiging komt van distributeurs, niet rechtstreeks van de fabrikant.",https://www.autelshop.us/products/autel-maxiim-im608-ii-im608-2-years-update
1,Jaltest CV (Commercial Vehicles) | Uitleesapparaat,https://astools.nl/products/jaltest-cv-commercial-vehicles-uitleesapparaat,intern,laag,In de merkenlijst onder 'Fabrikanten' staan 'PSI' en 'Thermo King' elk twee keer vermeld (dubbeling in de opsomming).,,
1,Jaltest CV (Commercial Vehicles) | Uitleesapparaat,https://astools.nl/products/jaltest-cv-commercial-vehicles-uitleesapparaat,intern,laag,"Dit is de enige van de vier hardware-pagina's zonder technische-specificatietabel voor de Link V9, terwijl de tekst wel expliciet de 'robuuste draadloze VCI' als kern van het product noemt.",,
1,Jaltest CV (Commercial Vehicles) | Uitleesapparaat,https://astools.nl/products/jaltest-cv-commercial-vehicles-uitleesapparaat,intern,laag,De claim 'wordt algemeen erkend als marktleider op het gebied van multi-merk diagnose' is een niet-onderbouwde superlatief zonder bronvermelding.,,
1,Jaltest CV (Commercial Vehicles) | Uitleesapparaat,https://astools.nl/products/jaltest-cv-commercial-vehicles-uitleesapparaat,extern,klopt,De licentie is jaarlijks en omvat drie software-updates per jaar.,"Jaltest/Cojali bevestigt officieel drie jaarlijkse updates met nieuwe merken, modellen en systemen.",https://www.jaltest.com/en/faq/jaltest-diagnostics/
1,Jaltest CV (Commercial Vehicles) | Uitleesapparaat,https://astools.nl/products/jaltest-cv-commercial-vehicles-uitleesapparaat,extern,klopt,"Na afloop van de licentie blijven diagnosefuncties en expertmodus bruikbaar (zonder technische informatie), en de software moet iedere zes maanden geregistreerd/geheractiveerd worden.",Officiële distributeursdocumentatie bevestigt dit. Let op: bij modulaire versies (truck/bus/trailer) blokkeert de software volgens dezelfde bron wél direct na expiratie.,https://www.balticdiag.com/jaltest-commercial-vehicle-kit
1,Jaltest CV (Commercial Vehicles) | Uitleesapparaat,https://astools.nl/products/jaltest-cv-commercial-vehicles-uitleesapparaat,extern,niet_verifieerbaar,Heractivering binnen 15 dagen na de vervaldatum verlengt vanaf de oorspronkelijke datum.,Deze specifieke 15-dagenregel is niet terug te vinden in de FAQ van jaltest.com of bij geraadpleegde officiële distributeurs.,
1,Jaltest Vrachtwagen Uitleesapparaat,https://astools.nl/products/jaltest-vrachtwagen-uitleesapparaat,intern,midden,Specificatietabel: 'IP40 stof- en spatwaterbestendig' is intern tegenstrijdig — IP40 betekent per definitie géén waterbescherming (tweede cijfer 0). 'Spatwaterbestendig' zou minimaal IPx4 vereisen.,,
1,Jaltest Vrachtwagen Uitleesapparaat,https://astools.nl/products/jaltest-vrachtwagen-uitleesapparaat,intern,laag,In de specificatietabel staat het gewichtsvoordeel ('±76% lichter dan Jaltest V8') onder de rij 'Afmetingen' in plaats van onder een gewichtsrij.,,
1,Jaltest Vrachtwagen Uitleesapparaat,https://astools.nl/products/jaltest-vrachtwagen-uitleesapparaat,intern,laag,"De claim dat de servicefuncties 'gelijkwaardig aan, en vaak zelfs geavanceerder dan, merkspecifieke diagnoseapparatuur' zijn, is een niet-onderbouwde superioriteitsclaim.",,
1,Jaltest Vrachtwagen Uitleesapparaat,https://astools.nl/products/jaltest-vrachtwagen-uitleesapparaat,extern,klopt,Er bestaat een aparte Jaltest modulaire Truck-activatie met artikelnummer 293100.,Artikelnummer 293100 'Modular TRUCK - Software activation (License of use)' wordt door meerdere Jaltest-distributeurs gevoerd.,https://ccagrouplb.com/products/jaltest-device-with-293100-modular-truck-software-activation-license-of-use
1,Jaltest Vrachtwagen Uitleesapparaat,https://astools.nl/products/jaltest-vrachtwagen-uitleesapparaat,extern,klopt,De Jaltest Link V9 is ±76% lichter dan de vorige versie (V8).,Cojali/Jaltest communiceerde bij de lancering van de Link V9 een gewichtsreductie van 76%.,https://www.jaltest.com/en/news/210/27022020/new-link-v9-lighter-faster-better/
1,Jaltest Vrachtwagen Uitleesapparaat,https://astools.nl/products/jaltest-vrachtwagen-uitleesapparaat,extern,twijfel,Connectiviteit: Bluetooth 5.0 en USB.,"Bluetooth en USB bevestigd, maar de versie '5.0' publiceert Cojali niet; onafhankelijke bronnen vermelden ook wifi, die in de tabel ontbreekt.",https://dieseltruckdiagnostictools.com/blogs/news/jaltest-link-v9-specs-price-guide
1,Jaltest Vrachtwagen Uitleesapparaat,https://astools.nl/products/jaltest-vrachtwagen-uitleesapparaat,extern,klopt_niet,Behuizing IP40 en tegelijk 'spatwaterbestendig'.,"IP40 zelf klopt met fabrikantcommunicatie, maar IP40 biedt formeel geen bescherming tegen water; 'spatwaterbestendig' is daarmee feitelijk onjuist.",https://dieseltruckdiagnostictools.com/blogs/news/jaltest-link-v9-specs-price-guide
1,Jaltest OHW (Off-Highway) Uitleesapparaat,https://astools.nl/products/jaltest-ohw-off-highway-uitleesapparaat,intern,midden,"De inleiding en servicefuncties-sectie claimen dat Jaltest OHW 'specifiek ontwikkeld' is voor o.a. landbouwvoertuigen (incl. hefinrichtingkalibratie en GPS-stuurautomatiek), terwijl de sectie 'Modulaire opbouw' op dezelfde pagina Landbouwvoertuigen (AGV) als aparte, extra te activeren licentie noemt.",,
1,Jaltest OHW (Off-Highway) Uitleesapparaat,https://astools.nl/products/jaltest-ohw-off-highway-uitleesapparaat,intern,midden,Specificatietabel: 'IP40 stof- en spatwaterbestendig' is intern tegenstrijdig — IP40 betekent geen waterbescherming.,,
1,Jaltest OHW (Off-Highway) Uitleesapparaat,https://astools.nl/products/jaltest-ohw-off-highway-uitleesapparaat,extern,klopt_niet,Jaltest OHW dekt landbouwvoertuigen.,"Volgens Jaltest/Cojali dekt OHW bouw-/grondverzetmachines, compacte machines, stationaire motoren en multifunctionele voertuigen; landbouwvoertuigen en tractoren vallen onder de aparte module Jaltest AGV.",https://www.jaltest.com/en/diagnostics/jaltest-ohw-construction-machinery/
1,Jaltest OHW (Off-Highway) Uitleesapparaat,https://astools.nl/products/jaltest-ohw-off-highway-uitleesapparaat,extern,klopt,Artikelnummer 29308 hoort bij de Jaltest OHW software-activatie.,Officiële distributeurs voeren de Jaltest OHW software-activatie onder SKU 29308.,https://www.balticdiag.com/jaltest-off-highway-software
1,Jaltest OHW (Off-Highway) Uitleesapparaat,https://astools.nl/products/jaltest-ohw-off-highway-uitleesapparaat,extern,klopt,Drie grote software-updates per jaar.,"Jaltest bevestigt drie jaarlijkse updates voor alle modules, inclusief OHW.",https://www.jaltest.com/en/faq/jaltest-diagnostics/
1,Jaltest Autobus Uitleesapparaat,https://astools.nl/products/jaltest-autobus-uitleesapparaat,intern,midden,Specificatietabel: 'IP40 stof- en spatwaterbestendig' is intern tegenstrijdig — IP40 betekent geen waterbescherming.,,
1,Jaltest Autobus Uitleesapparaat,https://astools.nl/products/jaltest-autobus-uitleesapparaat,intern,laag,"De sectie 'Gespecialiseerde softwaremodules' kondigt meervoud aan maar noemt alleen GRP, terwijl de zusterpagina's (truck/OHW) ook ETM en Jaltest Info opsommen. Oogt als afgebroken/onvolledige sectie.",,
1,Jaltest Autobus Uitleesapparaat,https://astools.nl/products/jaltest-autobus-uitleesapparaat,extern,twijfel,Er bestaat een aparte modulaire Jaltest Bus-licentie (variant-SKU 293300).,"Een modulaire Jaltest Bus-softwarelicentie bestaat aantoonbaar, maar het specifieke activatienummer 293300 kon niet onafhankelijk worden bevestigd (distributeur toont bijv. 29051300 voor de bus-jaarlicentie).",https://www.balticdiag.com/jaltest-bus-odular-software
1,Jaltest Autobus Uitleesapparaat,https://astools.nl/products/jaltest-autobus-uitleesapparaat,extern,klopt,De jaarlijkse licentie omvat drie grote software-updates per jaar.,Jaltest bevestigt officieel drie jaarlijkse updates.,https://www.jaltest.com/en/faq/jaltest-diagnostics/
1,Jaltest Autobus Uitleesapparaat,https://astools.nl/products/jaltest-autobus-uitleesapparaat,extern,klopt,"De busmerkenlijst (o.a. VDL, Van Hool, Setra, Solaris, BYD) valt onder Jaltest-dekking.",De lijst komt overeen met de door Jaltest gepubliceerde CV/bus-dekking.,https://www.jaltest.com/en/coverage/7/
1,Jaltest (29303) | CV (Commercial Vehicles) | Software-activatie,https://astools.nl/products/jaltest-cv-activeringslicenties,intern,hoog,"Titel en SKU zeggen 'Jaltest (29303) | CV | Software-activatie', maar de beschrijving gaat vrijwel volledig over een ánder artikel: 'De Jaltest (71502018) | CV software-licentie'. Ook de leveringsomvang noemt '1x Jaltest (71502018) software-licentie'. Titel/SKU en beschreven product komen niet overeen.",,
1,Jaltest (29303) | CV (Commercial Vehicles) | Software-activatie,https://astools.nl/products/jaltest-cv-activeringslicenties,intern,hoog,"De variant heet 'Levenslang' (€4199.95), terwijl de beschrijving spreekt van 'een jaarlijkse licentie' met 'looptijd: 1 jaar / 12 maanden'. (Een activatie 29303 is inderdaad permanent, een update-licentie 71502018 is jaarlijks — de pagina haalt beide door elkaar.)",,
1,Jaltest (29303) | CV (Commercial Vehicles) | Software-activatie,https://astools.nl/products/jaltest-cv-activeringslicenties,intern,midden,De beschrijving zegt dat deze licentie 'wordt toegepast nadat de software-activatie van de module is uitgevoerd' — waarmee de pagina zichzelf (als zijnde de software-activatie volgens de titel) tegenspreekt.,,
1,Jaltest (29303) | CV (Commercial Vehicles) | Software-activatie,https://astools.nl/products/jaltest-cv-activeringslicenties,extern,klopt,29303 is het artikelnummer voor de Jaltest CV software-activatie (license of use).,Officiële distributeurs voeren de Jaltest CV software-activatie onder SKU 29303 (EU-versie; USA-equivalent is 29300).,https://www.balticdiag.com/jaltest-cv-commercial-software
1,Jaltest (29303) | CV (Commercial Vehicles) | Software-activatie,https://astools.nl/products/jaltest-cv-activeringslicenties,extern,klopt,De activatie is eenmalig/permanent en voor updates is daarnaast een aparte (jaar)licentie nodig.,Het Jaltest-licentiemodel bestaat uit eenmalige activatie plus losse 'License of Use'. Het specifieke artikelnummer 71502018 voor de jaarlicentie kon extern niet worden bevestigd.,https://www.balticdiag.com/jaltest-cv-commercial-software
1,Jaltest (29303) | CV (Commercial Vehicles) | Software-activatie,https://astools.nl/products/jaltest-cv-activeringslicenties,extern,niet_verifieerbaar,Activatie verloopt automatisch binnen 24 tot 48 uur na bestelling.,"Verkoper-specifieke doorlooptijdbelofte, niet extern controleerbaar.",
1,Jaltest (29303) | CV (Commercial Vehicles) | Software-activatie,https://astools.nl/products/jaltest-cv-activeringslicenties,extern,klopt,"Na afloop blijft de software bruikbaar met de bestaande versie, maar vervalt toegang tot updates en online functies.",Bevestigd door distributeursdocumentatie; wel is heractivering elke zes maanden verplicht.,https://www.balticdiag.com/jaltest-commercial-vehicle-kit
1,Jaltest Marine (Full) Uitleesapparaat,https://astools.nl/products/jaltest-marine-full-uitleesapparaat,intern,hoog,"De lopende tekst noemt de Jaltest Link VCI 'waterbestendig', maar de specificatietabel vermeldt IP40. IP40 betekent per definitie géén bescherming tegen water. Voor een maritiem product is dit materieel misleidend.",,
1,Jaltest Marine (Full) Uitleesapparaat,https://astools.nl/products/jaltest-marine-full-uitleesapparaat,intern,midden,"De tekst belooft prominent D.E.S.S.-sleutelprogrammering voor Sea-Doo, maar de vermelde verpakkingsinhoud bevat niet de daarvoor benodigde BRP/Sea-Doo-programmeerkabel (Cojali JDC660M).",,
1,Jaltest Marine (Full) Uitleesapparaat,https://astools.nl/products/jaltest-marine-full-uitleesapparaat,intern,laag,De merkenlijst gebruikt de kop 'Verbrandingsmotoren' als aparte categorie naast 'Binnenboordmotoren' — bedoeld zijn kennelijk stationaire/generatormotoren; verwarrend voor de lezer.,,
1,Jaltest Marine (Full) Uitleesapparaat,https://astools.nl/products/jaltest-marine-full-uitleesapparaat,extern,klopt,"Jaltest Marine (Full) dekt binnenboordmotoren, buitenboordmotoren, jetski's (PWC) en maritieme generatoren/stationaire motoren",Cojali/Jaltest beschrijft Jaltest Marine met dezelfde vier categorieën.,https://www.jaltest.com/en/diagnostics/jaltest-marine-vessels/
1,Jaltest Marine (Full) Uitleesapparaat,https://astools.nl/products/jaltest-marine-full-uitleesapparaat,extern,klopt,D.E.S.S.-sleutels programmeren voor Sea-Doo is mogelijk met Jaltest Marine,"Bevestigd door officiële Jaltest-distributeur, met twee kanttekeningen die het dossier niet noemt: alleen Sea-Doo modellen van 2009 en nieuwer, en er is een aparte Cojali-kabel (JDC660M) nodig die niet in de vermelde verpakkingsinhoud zit.",https://marinediagnostictools.com/blogs/news/programming-a-sea-doo-dess-key
1,Jaltest Marine (Full) Uitleesapparaat,https://astools.nl/products/jaltest-marine-full-uitleesapparaat,extern,klopt,De jaarlijkse licentie omvat drie grote software-updates per jaar,Cojali brengt drie grote Jaltest-softwareversies per jaar uit.,https://dieseltruckdiagnostictools.com/blogs/news/jaltest-review-2026
1,Jaltest Marine (Full) Uitleesapparaat,https://astools.nl/products/jaltest-marine-full-uitleesapparaat,extern,niet_verifieerbaar,Spec-tabel: Bluetooth 5.0 en voeding 8–32V,De officiële Jaltest-productpagina publiceert geen Bluetooth-versie of voedingsspanning.,https://www.jaltest.com/en/article/70001015/jaltest-link-v9/
1,Jaltest Trailer Uitleesapparaat,https://astools.nl/products/jaltest-trailer-uitleesapparaat,intern,midden,De specificatietabel vermeldt 'IP40 stof- en spatwaterbestendig' — intern tegenstrijdig: IP40 betekent geen enkele waterbescherming.,,
1,Jaltest Trailer Uitleesapparaat,https://astools.nl/products/jaltest-trailer-uitleesapparaat,intern,laag,De variant-SKU '70001052 + 293500' bevat een tweede artikelnummer (vermoedelijk de trailer-licentie) dat nergens in de beschrijving wordt toegelicht.,,
1,Jaltest Trailer Uitleesapparaat,https://astools.nl/products/jaltest-trailer-uitleesapparaat,extern,klopt,"Volledige EBS-ondersteuning voor Wabco, Knorr-Bremse en Haldex",Jaltest coverage-pagina's tonen trailerdekking voor Wabco en Knorr-Bremse; distributeur Eclipse bevestigt Haldex-diagnose.,https://www.jaltest.com/en/coverage/2/12/123/trailer-diagnostics/trailer-diagnostics/trailer-diagnostics/
1,Jaltest Trailer Uitleesapparaat,https://astools.nl/products/jaltest-trailer-uitleesapparaat,extern,klopt,Knorr-Bremse Diagnostics is een optionele uitbreiding via extra abonnement,Onafhankelijke Jaltest-distributeur bevestigt dat voor bepaalde Knorr-Bremse-functionaliteit een aanvullend abonnement vereist is.,https://www.eclipse-tech.co.uk/products/trailer/
1,Jaltest Trailer Uitleesapparaat,https://astools.nl/products/jaltest-trailer-uitleesapparaat,extern,twijfel,"Ondersteunde trailermerken: Bendix, Carrier, Chereau, Cojali, Dana, Haldex, Knorr-Bremse, Thermo King, Vigia, Wabco","Deze merken komen elk voor in Jaltest-dekkingsoverzichten, maar de exacte lijst kon alleen op AsTools' eigen pagina's worden teruggevonden.",https://www.jaltest.com/en/coverage/2/12/123/trailer-diagnostics/trailer-diagnostics/trailer-diagnostics/
1,Jaltest Trailer Uitleesapparaat,https://astools.nl/products/jaltest-trailer-uitleesapparaat,extern,klopt,Jaarlijkse licentie met drie grote software-updates per jaar,Cojali brengt drie grote Jaltest-updates per jaar uit.,https://dieseltruckdiagnostictools.com/blogs/news/jaltest-review-2026
1,Jaltest (71501001) | CV | Software-upgrade,https://astools.nl/products/jaltest-cv-activeringslicenties-upgrade,intern,midden,"De variant heet 'Levenslang' bij €3199.95, terwijl de tekst tweemaal benadrukt dat de module zonder een afzonderlijke, geldige (jaarlijkse) software-licentie 'niet functioneel' is. De combinatie 'Levenslang' + 'zonder extra licentie niet functioneel' is voor een koper zeer verwarrend.",,
1,Jaltest (71501001) | CV | Software-upgrade,https://astools.nl/products/jaltest-cv-activeringslicenties-upgrade,intern,laag,"De tekst spreekt van uitbreiden met 'extra modules' (meervoud) tegen gereduceerde prijs, terwijl dit product uitsluitend de CV-module activeert.",,
1,Jaltest (71501001) | CV | Software-upgrade,https://astools.nl/products/jaltest-cv-activeringslicenties-upgrade,extern,niet_verifieerbaar,Artikelnummer 71501001 is de officiële Cojali/Jaltest-referentie voor de CV-upgrade-activatielicentie,Alle vindbare bronnen voor 71501001 zijn AsTools' eigen pagina's. Andere distributeurs voeren CV-activaties onder nummers als 29300/29303.,https://www.astools.eu/products/jaltest-71501001-cv-commercial-vehicles-software-upgrade
1,Jaltest (71501001) | CV | Software-upgrade,https://astools.nl/products/jaltest-cv-activeringslicenties-upgrade,extern,klopt,Het Jaltest-licentiemodel: eenmalige (permanente) activatie plus afzonderlijk vereiste gebruikslicentie ('license of use'),"Dit tweetrapsmodel is het standaard Jaltest-model, bevestigd door Jaltest zelf en distributeurs.",https://www.jaltest.com/activation-steps/
1,Jaltest (71501001) | CV | Software-upgrade,https://astools.nl/products/jaltest-cv-activeringslicenties-upgrade,extern,twijfel,Alleen compatibel met de Jaltest Link V9-interface,Jaltest-licenties zijn gekoppeld aan het serienummer van het apparaat en worden ook aangeboden voor Link (V8) en Link Air; exclusiviteit voor V9 kon nergens bevestigd worden.,https://jaltest-russia.ru/catalog/add-kits/_jaltest_truck_29051100_.html
1,Autel MaxiCom Ultra Lite | Uitleesapparaat | Auto,https://astools.nl/products/autel-maxicom-ultra-lite-auto-uitleesapparaat,intern,hoog,"Schermgrootte tegenstrijdig: de lopende tekst zegt '12,7-inch TFT-touchscreen', de specificatietabel zegt '12.9-inch TFT-LCD'. Volgens de officiële Autel-specificaties is 12.7 inch correct; de tabel is fout.",,
1,Autel MaxiCom Ultra Lite | Uitleesapparaat | Auto,https://astools.nl/products/autel-maxicom-ultra-lite-auto-uitleesapparaat,intern,hoog,"Licentie-informatie tegenstrijdig: eerst 'Inclusief 2 jaar updates / licentie voor 24 maanden inbegrepen', direct daarna 'Na het eerste jaar kan de licentie worden verlengd'. Dit moet 'na twee jaar' zijn.",,
1,Autel MaxiCom Ultra Lite | Uitleesapparaat | Auto,https://astools.nl/products/autel-maxicom-ultra-lite-auto-uitleesapparaat,intern,midden,VCI-benaming inconsistent: meestal 'MaxiFlash VCI' maar één keer 'MaxiFlash VCI200'. Volgens Autel wordt de Ultra Lite geleverd met de MaxiFlash VCI (J2534); de VCI200 hoort bij de Ultra Lite S.,,
1,Autel MaxiCom Ultra Lite | Uitleesapparaat | Auto,https://astools.nl/products/autel-maxicom-ultra-lite-auto-uitleesapparaat,intern,laag,"De verpakkingsinhoud noemt 'Autel MaxiCom Ultra Uitleesapparaat' (zonder 'Lite'), wat de indruk kan wekken dat het om het duurdere model gaat.",,
1,Autel MaxiCom Ultra Lite | Uitleesapparaat | Auto,https://astools.nl/products/autel-maxicom-ultra-lite-auto-uitleesapparaat,extern,klopt_niet,Spec-tabel: 12.9-inch scherm,Autel's officiële specificatie is een 12.7-inch TFT-LCD met 2732x2048 resolutie (de resolutie in het dossier klopt wel).,https://autel-us.com/products/autel-maxicom-ultra-lite
1,Autel MaxiCom Ultra Lite | Uitleesapparaat | Auto,https://astools.nl/products/autel-maxicom-ultra-lite-auto-uitleesapparaat,extern,klopt,"Android 7.0, Samsung Exynos 8895V octa-core, 4GB RAM / 256GB opslag, 18.000 mAh accu, camera 16MP/5MP",Alle waarden komen overeen met de officiële Autel-specificaties.,https://autel-us.com/products/autel-maxicom-ultra-lite
1,Autel MaxiCom Ultra Lite | Uitleesapparaat | Auto,https://astools.nl/products/autel-maxicom-ultra-lite-auto-uitleesapparaat,extern,klopt,Inclusief 2 jaar gratis software-updates,Autel adverteert de MaxiCOM Ultra Lite officieel met 2 jaar gratis updates.,https://autel-us.com/products/autel-maxicom-ultra-lite
1,Autel MaxiCom Ultra Lite | Uitleesapparaat | Auto,https://astools.nl/products/autel-maxicom-ultra-lite-auto-uitleesapparaat,extern,klopt,Meer dan 36 onderhouds- en servicefuncties,Autel adverteert zelf met '40+ service functions'.,https://autel-us.com/products/autel-maxicom-ultra-lite
1,Autel MaxiCom Ultra Lite | Uitleesapparaat | Auto,https://astools.nl/products/autel-maxicom-ultra-lite-auto-uitleesapparaat,extern,klopt,"Ondersteuning voor DoIP, CAN FD, J2534 via de meegeleverde MaxiFlash VCI",Officieel bevestigd. De losse vermelding 'VCI200' is echter niet de VCI die Autel bij dit model opgeeft.,https://autel-us.com/products/autel-maxicom-ultra-lite
1,Jaltest (293100) | Vrachtwagen (Modulair) | Software-licentie,https://astools.nl/products/jaltest-vrachtwagen-activeringslicentie,intern,hoog,"Directe tegenspraak tussen variantnaam en beschrijving: de variant heet 'Levenslang' (€3064.95), maar de beschrijving stelt expliciet dat de licentie 'voor een periode van twaalf maanden' geldig is en dat de module na afloop wordt geblokkeerd totdat verlengingslicentie 29051100 wordt aangeschaft.",,
1,Jaltest (293100) | Vrachtwagen (Modulair) | Software-licentie,https://astools.nl/products/jaltest-vrachtwagen-activeringslicentie,extern,klopt,Artikelnummer 293100 = Jaltest software-activatie/licentie voor Vrachtwagen (modulair),Onafhankelijke distributeurs voeren 293100 als 'Modular TRUCK - Software activation (License of use)'.,https://www.mk3.com/en/jaltest-293100-modular-truck-software-activation-license-of-use
1,Jaltest (293100) | Vrachtwagen (Modulair) | Software-licentie,https://astools.nl/products/jaltest-vrachtwagen-activeringslicentie,extern,klopt,Licentie is 12 maanden geldig; verlenging via artikelnummer 29051100,De modulaire truck-licentie wordt als 1-jaarslicentie verkocht en 29051100 wordt bevestigd als verlenging van de modulaire truck-licentie.,https://www.mk3.com/fr/mk17786
1,Jaltest (293100) | Vrachtwagen (Modulair) | Software-licentie,https://astools.nl/products/jaltest-vrachtwagen-activeringslicentie,extern,twijfel,Compatibel met Jaltest Link V9,"De licentie werkt met de Link V9, maar is niet exclusief daaraan gebonden: distributeurs vermelden dat de truck-licentie ook voor Link (V8) en Link Air geldt.",https://jaltest-russia.ru/catalog/add-kits/_jaltest_truck_29051100_.html
1,Jaltest MHE (Material Handling Equipment) Uitleesapparaat,https://astools.nl/products/jaltest-mhe-material-handling-equipment-uitleesapparaat,intern,midden,Specificatietabel noemt 'IP40 stof- en spatwaterbestendig'. IP40 betekent per definitie géén waterbescherming; 'spatwaterbestendig' spreekt de eigen IP-klasse tegen.,,
1,Jaltest MHE (Material Handling Equipment) Uitleesapparaat,https://astools.nl/products/jaltest-mhe-material-handling-equipment-uitleesapparaat,intern,laag,Het tabelveld 'Afmetingen' bevat geen afmetingen maar een marketingclaim ('±76% lichter dan Jaltest V8'). Concrete maten en gewicht ontbreken.,,
1,Jaltest MHE (Material Handling Equipment) Uitleesapparaat,https://astools.nl/products/jaltest-mhe-material-handling-equipment-uitleesapparaat,intern,laag,"Lopende tekst spreekt generiek over 'Jaltest Link VCI', verpakkingsinhoud specificeert 'Jaltest Link V9 Interface'; variant-SKU's (70301001 + 75001001 + 75001009) worden nergens toegelicht.",,
1,Jaltest MHE (Material Handling Equipment) Uitleesapparaat,https://astools.nl/products/jaltest-mhe-material-handling-equipment-uitleesapparaat,extern,klopt,"Jaltest MHE dekt vorkheftrucks, verreikers, hoogwerkers en schaarliften van merken als Hyster, Yale, Linde, Toyota, Genie, JCB, Manitou, Doosan","Fabrikant bevestigt dekking voor forklifts, telehandlers, boom lifts en scissor lifts met deze merken.",https://www.jaltest.com/en/diagnostics/jaltest-mhe-material-handling/
1,Jaltest MHE (Material Handling Equipment) Uitleesapparaat,https://astools.nl/products/jaltest-mhe-material-handling-equipment-uitleesapparaat,extern,klopt,Jaarlijkse licentie met drie grote software-updates per jaar,Jaltest/Cojali bevestigt drie updates per jaar.,https://www.jaltest.com/en/diagnostics/jaltest-mhe-material-handling/
1,Jaltest MHE (Material Handling Equipment) Uitleesapparaat,https://astools.nl/products/jaltest-mhe-material-handling-equipment-uitleesapparaat,extern,klopt,"Jaltest Link V9: SUBD-26 connector, IP40",Officiële Jaltest-pagina bevestigt SUBD 26 HD-connector en IP40-bescherming. IP40 rechtvaardigt echter niet 'spatwaterbestendig'.,https://www.jaltest.com/en/diagnostic-tools/jaltest-link/
1,Jaltest MHE (Material Handling Equipment) Uitleesapparaat,https://astools.nl/products/jaltest-mhe-material-handling-equipment-uitleesapparaat,extern,niet_verifieerbaar,"Jaltest Link V9: Bluetooth 5.0, CAN FD-ondersteuning en ±76% lichter dan V8","Officiële specificaties vermelden Bluetooth zonder versienummer, geen expliciete CAN FD-vermelding en geen gewichtspercentage.",https://www.jaltest.com/en/diagnostic-tools/jaltest-link/
1,Launch X-431 PAD VII Elite | Uitleesapparaat | Auto,https://astools.nl/products/launch-x-431-pad-vii-elite-auto-uitleesapparaat,intern,laag,Chinese merkenlijst bevat zowel 'Senova' als 'Senoua' — vrijwel zeker een duplicaat met spelfout.,,
1,Launch X-431 PAD VII Elite | Uitleesapparaat | Auto,https://astools.nl/products/launch-x-431-pad-vii-elite-auto-uitleesapparaat,intern,laag,Verpakkingsinhoud bevat twee vrijwel identieke items: 'Launch 15 Pins DB15 - 16 Pins OBD2 Verloopkabel' én '... Adapter' — mogelijk dubbel geteld.,,
1,Launch X-431 PAD VII Elite | Uitleesapparaat | Auto,https://astools.nl/products/launch-x-431-pad-vii-elite-auto-uitleesapparaat,intern,laag,'Topologieweergave' wordt tweemaal opgevoerd met identieke omschrijving (onder Diagnosefuncties én onder Speciale functies).,,
1,Launch X-431 PAD VII Elite | Uitleesapparaat | Auto,https://astools.nl/products/launch-x-431-pad-vii-elite-auto-uitleesapparaat,extern,klopt,"Android 9.0, octa-core 2,0 GHz, 13,3-inch 1920×1080 scherm, 8GB/256GB, ±19.000 mAh batterij",Officiële resellers/distributeurs bevestigen exact deze specificaties.,https://www.launch-tool.com/product/launch-x-431-pad-vii/
1,Launch X-431 PAD VII Elite | Uitleesapparaat | Auto,https://astools.nl/products/launch-x-431-pad-vii-elite-auto-uitleesapparaat,extern,klopt_niet,"Camera: 16 MP achtercamera, 5 MP frontcamera",Meerdere distributeur-datasheets vermelden 13 MP achtercamera (autofocus) en 8 MP frontcamera — beide waarden wijken af.,https://www.x431tool.com/wholesale/launch-x-431-pad-vii.html
1,Launch X-431 PAD VII Elite | Uitleesapparaat | Auto,https://astools.nl/products/launch-x-431-pad-vii-elite-auto-uitleesapparaat,extern,klopt,"2 jaar gratis software-updates, daarna betaalde verlenging",Distributeurs bevestigen '2 Years Free Update Online'.,https://www.x431tool.com/wholesale/launch-x-431-pad-vii.html
1,Launch X-431 PAD VII Elite | Uitleesapparaat | Auto,https://astools.nl/products/launch-x-431-pad-vii-elite-auto-uitleesapparaat,extern,twijfel,"Behuizing met IP65-certificering, bestand tegen water en stof",Bronnen spreken van 'IP65 corner protectors' (hoekbeschermers); geen bewijs dat de complete tablet IP65-gecertificeerd is.,https://www.launch-tool.com/product/launch-x-431-pad-vii/
1,Launch X-431 PAD VII Elite | Uitleesapparaat | Auto,https://astools.nl/products/launch-x-431-pad-vii-elite-auto-uitleesapparaat,extern,niet_verifieerbaar,"Gewicht ongeveer 2,18 kg","Distributeurs vermelden 13,3–15 kg maar dat is vrijwel zeker pakketgewicht; nettogewicht nergens gezaghebbend gepubliceerd.",https://www.x431tool.com/wholesale/launch-x-431-pad-vii.html
1,OBDSTAR Marine Master (A+B+C+D) | Uitleesapparaat | Motorboot,https://astools.nl/products/obdstar-marine-master-uitleesapparaat-motorboot,intern,midden,De M064 Mercury-diagnoseadapter staat zowel in de verpakkingsinhoud (standaard meegeleverd) als in de lijst 'Optionele toevoegingen en uitbreidingen' (los verkrijgbaar). Dat kan niet allebei waar zijn.,,
1,OBDSTAR Marine Master (A+B+C+D) | Uitleesapparaat | Motorboot,https://astools.nl/products/obdstar-marine-master-uitleesapparaat-motorboot,intern,midden,"Aandachtspunt stelt dat voor Tohatsu aanvullende adapterkabels 'los verkrijgbaar en niet standaard meegeleverd' zijn, terwijl de verpakkingsinhoud wél twee Tohatsu-adapters bevat (M070 en M071). Alleen de M088 is optioneel.",,
1,OBDSTAR Marine Master (A+B+C+D) | Uitleesapparaat | Motorboot,https://astools.nl/products/obdstar-marine-master-uitleesapparaat-motorboot,intern,laag,Categorielabel (TYPE) is 'Motorboot-Vrachtwagen-Sneeuwscooter Uitleesapparatuur' — vrachtwagen en sneeuwscooter passen niet bij dit marine-product.,,
1,OBDSTAR Marine Master (A+B+C+D) | Uitleesapparaat | Motorboot,https://astools.nl/products/obdstar-marine-master-uitleesapparaat-motorboot,extern,klopt,"Android 11, Samsung Exynos-processor, 8-inch touchscreen",Officiële OBDSTAR-productpagina bevestigt dit.,https://www.obdstar.com/Products_422.html
1,OBDSTAR Marine Master (A+B+C+D) | Uitleesapparaat | Motorboot,https://astools.nl/products/obdstar-marine-master-uitleesapparaat-motorboot,extern,klopt,"Configuratie A+B+C+D is de volledige uitvoering en dekt jetski's, buitenboord-, binnenboordmotoren en generatoren","OBDSTAR bevestigt de pakketopties A+B, C+D en A+B+C+D als volledige configuratie.",https://www.obdstar.com/Products_422.html
1,OBDSTAR Marine Master (A+B+C+D) | Uitleesapparaat | Motorboot,https://astools.nl/products/obdstar-marine-master-uitleesapparaat-motorboot,extern,twijfel,Licentie van 2 jaar gratis software-updates vanaf activatie,De officiële fabrikantpagina stelt dat upgrades 1 jaar gratis zijn vanaf registratie en dat vanaf het 2e jaar een jaarlijks abonnement geldt. Sommige resellers leveren wel een 24-maanden updatebundel; de claim wijkt af van de fabrieksstandaard.,https://www.obdstar.com/Products_422.html
1,OBDSTAR Marine Master (A+B+C+D) | Uitleesapparaat | Motorboot,https://astools.nl/products/obdstar-marine-master-uitleesapparaat-motorboot,extern,klopt,"Ondersteuning voor merken als Yamaha, Volvo Penta, Mercury, Honda, Suzuki, Sea-Doo (BRP), Cummins",OBDSTAR vermeldt dekking van 40+ fabrikanten waaronder exact deze merken.,https://www.obdstar.com/Products_422.html
1,Jaltest Marine (Binnenboord) Uitleesapparaat,https://astools.nl/products/jaltest-marine-binnenboord-uitleesapparaat,intern,midden,"Lopende tekst noemt de Jaltest Link VCI 'waterbestendig' en de spec-tabel zegt 'IP40 stof- en spatwaterbestendig', maar IP40 biedt formeel géén waterbescherming — extra wrang voor een marine-product.",,
1,Jaltest Marine (Binnenboord) Uitleesapparaat,https://astools.nl/products/jaltest-marine-binnenboord-uitleesapparaat,intern,laag,"Onder 'Modulaire opbouw' wordt 'Maritieme toepassingen (Marine)' opgevoerd als aanvullend te activeren licentie, terwijl dit product zelf de Marine-module is.",,
1,Jaltest Marine (Binnenboord) Uitleesapparaat,https://astools.nl/products/jaltest-marine-binnenboord-uitleesapparaat,extern,klopt,"Merkendekking binnenboord: o.a. Volvo Penta, Mercruiser, Yanmar, MAN, MTU, Caterpillar, Cummins, Scania, John Deere","Jaltest Marine dekt ca. 34 binnenboordfabrikanten, expliciet inclusief deze merken.",https://www.jaltest.com/en/diagnostics/jaltest-marine-vessels/
1,Jaltest Marine (Binnenboord) Uitleesapparaat,https://astools.nl/products/jaltest-marine-binnenboord-uitleesapparaat,extern,klopt,Jaarlijkse licentie met drie grote software-updates per jaar,Jaltest bevestigt dat de dekking drie keer per jaar wordt bijgewerkt.,https://www.jaltest.com/en/diagnostics/jaltest-marine-vessels/
1,Jaltest Marine (Binnenboord) Uitleesapparaat,https://astools.nl/products/jaltest-marine-binnenboord-uitleesapparaat,extern,twijfel,"Jaltest Link V9: IP40, SUBD-26 connector; Bluetooth 5.0 en '±76% lichter dan V8'",IP40 en SUBD 26 HD bevestigd door fabrikant; Bluetooth-versie en 76%-claim niet in officiële specificaties. 'Waterbestendig' is bij IP40 onjuist.,https://www.jaltest.com/en/diagnostic-tools/jaltest-link/
1,Jaltest (293300) | Autobus (Modulair) | Software-licentie,https://astools.nl/products/jaltest-autobus-activeringslicentie,intern,hoog,"De variant heet 'Levenslang' (€2649,95), maar de beschrijving stelt tweemaal expliciet dat de licentie twaalf maanden geldig is vanaf activatie en dat de module na de vervaldatum wordt geblokkeerd zonder verlenging (artikelnummer 29051600). Variantnaam en licentieduur spreken elkaar frontaal tegen.",,
1,Jaltest (293300) | Autobus (Modulair) | Software-licentie,https://astools.nl/products/jaltest-autobus-activeringslicentie,intern,laag,De titel/URL spreekt van 'Autobus (Modulair) Software-licentie' terwijl de handle 'activeringslicentie' heet; de naamgeving is niet eenduidig.,,
1,Jaltest (293300) | Autobus (Modulair) | Software-licentie,https://astools.nl/products/jaltest-autobus-activeringslicentie,extern,klopt,Artikelnummer 293300 hoort bij de Jaltest Bus (Modular) software-licentie,Onafhankelijke Jaltest-distributeur voert SKU 293300 exact als 'Modular Bus'-softwarelicentie.,https://www.balticdiag.com/jaltest-bus-modular-software
1,Jaltest (293300) | Autobus (Modulair) | Software-licentie,https://astools.nl/products/jaltest-autobus-activeringslicentie,extern,klopt,Licentie is 12 maanden geldig; zonder verlenging wordt de module geblokkeerd,Jaltest-modulaire licenties worden als 1-jaarslicenties verkocht; consistent met het Jaltest-licentiemodel.,https://www.balticdiag.com/jaltest-bus-odular-software
1,Jaltest (293300) | Autobus (Modulair) | Software-licentie,https://astools.nl/products/jaltest-autobus-activeringslicentie,extern,niet_verifieerbaar,Voor verlenging is een aparte licentie met artikelnummer 29051600 vereist,Alleen een oude Jaltest-exportprijslijst (2016) koppelt 29051600 aan een 'License of use'; geen actuele bron gevonden.,https://ar.scribd.com/document/317224765/Jaltest-Export-Price-List-2016
1,Jaltest (293300) | Autobus (Modulair) | Software-licentie,https://astools.nl/products/jaltest-autobus-activeringslicentie,extern,twijfel,Deze software-activatie is uitsluitend compatibel met de Jaltest Link V9,Geen fabrikantsbron gevonden die exclusieve V9-compatibiliteit bevestigt — oudere Link-interfaces draaien dezelfde software.,https://www.jaltest.com/en/diagnostic-tools/jaltest-link/
1,Autel MaxiSys Elite II Pro | Uitleesapparaat | Auto,https://astools.nl/products/autel-maxisys-elite-ii-pro-auto-uitleesapparaat,intern,midden,"Licentieduur tegenstrijdig: onder 'Licentie-informatie' staat 'Inclusief 2 jaar updates (24 maanden inbegrepen)', maar de zin direct daaronder begint met 'Na het eerste jaar kan de licentie worden verlengd'.",,
1,Autel MaxiSys Elite II Pro | Uitleesapparaat | Auto,https://astools.nl/products/autel-maxisys-elite-ii-pro-auto-uitleesapparaat,intern,midden,"VCI-naam inconsistent: tekst en spec-tabel spreken meermaals van de 'MaxiFlash Elite J2534 VCI', terwijl de verpakkingsinhoud 'Autel MaxiFlash VCI Interface' vermeldt. De Elite II Pro wordt volgens Autel geleverd met de (nieuwere) MaxiFlash VCI.",,
1,Autel MaxiSys Elite II Pro | Uitleesapparaat | Auto,https://astools.nl/products/autel-maxisys-elite-ii-pro-auto-uitleesapparaat,intern,laag,Chinese merkenlijst bevat 'DFFG' — vermoedelijk een typefout (naast DFSK).,,
1,Autel MaxiSys Elite II Pro | Uitleesapparaat | Auto,https://astools.nl/products/autel-maxisys-elite-ii-pro-auto-uitleesapparaat,extern,klopt_niet,Accu: 15.400 mAh lithium-polymeer,"Autel specificeert voor de Elite II Pro een accu van 11.000 mAh / 3,7 V. De 15.400 mAh hoort bij de oudere MaxiSys Elite II.",https://store.autel.com/products/maxisys-elite-ii-pro
1,Autel MaxiSys Elite II Pro | Uitleesapparaat | Auto,https://astools.nl/products/autel-maxisys-elite-ii-pro-auto-uitleesapparaat,extern,klopt,"9.7-inch touchscreen met 2048×1536 resolutie, Android 10, octa-core, 4 GB RAM / 128 GB opslag",Komt overeen met de officiële Autel-specificaties.,https://autel.com/mk3/4042.jhtml
1,Autel MaxiSys Elite II Pro | Uitleesapparaat | Auto,https://astools.nl/products/autel-maxisys-elite-ii-pro-auto-uitleesapparaat,extern,twijfel,Camera: 5 MP (voor) + 16 MP (achter),Autel vermeldt officieel alleen een 16 MP achtercamera; een 5 MP frontcamera wordt nergens genoemd.,https://store.autel.com/products/maxisys-elite-ii-pro
1,Autel MaxiSys Elite II Pro | Uitleesapparaat | Auto,https://astools.nl/products/autel-maxisys-elite-ii-pro-auto-uitleesapparaat,extern,klopt,Standaard 2 jaar gratis software-updates inbegrepen,Autel's eigen store vermeldt 2 jaar gratis updates bij de Elite II Pro.,https://store.autel.com/products/maxisys-elite-ii-pro
1,Autel MaxiSys Elite II Pro | Uitleesapparaat | Auto,https://astools.nl/products/autel-maxisys-elite-ii-pro-auto-uitleesapparaat,extern,klopt_niet,Geleverd met de MaxiFlash Elite J2534 VCI,"Volgens Autel wordt de Elite II Pro geleverd met de 'MaxiFlash VCI', niet met de oudere 'MaxiFlash Elite'. De verpakkingsinhoud van het dossier noemt overigens wél correct 'MaxiFlash VCI'.",https://autel.com/mk3/4042.jhtml
1,OTOFIX IM2 | Sleutelprogrammeur | Auto,https://astools.nl/products/otofix-im2-sleutelprogrammeur-auto,intern,laag,"Verhaspelde zin bij 'Key Generation': 'Genereren van een immobiliser-data add a new blade of smart key' — half Nederlands, half Engels en grammaticaal onvolledig.",,
1,OTOFIX IM2 | Sleutelprogrammeur | Auto,https://astools.nl/products/otofix-im2-sleutelprogrammeur-auto,intern,laag,In de verpakkingsinhoud staat de typefout 'APA101 (Singal Cable)' i.p.v. 'Signal Cable'.,,
1,OTOFIX IM2 | Sleutelprogrammeur | Auto,https://astools.nl/products/otofix-im2-sleutelprogrammeur-auto,intern,laag,"De software-apps heten in de tekst 'MaxiViewer', 'MaxiVideo' en 'MaxiScope' — dit zijn Autel-namen; op een OTOFIX-product is deze naamgeving mogelijk niet 1-op-1 correct.",,
1,OTOFIX IM2 | Sleutelprogrammeur | Auto,https://astools.nl/products/otofix-im2-sleutelprogrammeur-auto,extern,klopt,"Hardware: 10,1"" 1920×1200, Android 10.0, Qualcomm SDM660 octa-core, 4 GB RAM / 128 GB, accu 15.000 mAh, 16 MP achtercamera",Alle waarden komen exact overeen met de officiële OTOFIX-productpagina.,https://www.otofixtech.us/products/im2
1,OTOFIX IM2 | Sleutelprogrammeur | Auto,https://astools.nl/products/otofix-im2-sleutelprogrammeur-auto,extern,klopt,OBD-sleutelprogrammering op circa 80% van de modellen en dekking voor meer dan 95% van de gangbare modellen,Letterlijk de fabrikantclaim.,https://www.otofixtech.us/products/im2
1,OTOFIX IM2 | Sleutelprogrammeur | Auto,https://astools.nl/products/otofix-im2-sleutelprogrammeur-auto,extern,klopt,Geleverd met XP1 Pro sleutelprogrammeur en V1 Flash J2534-interface,OTOFIX vermeldt XP1 Pro en V1 Flash in de officiële specificaties.,https://www.otofixtech.us/products/im2
1,OTOFIX IM2 | Sleutelprogrammeur | Auto,https://astools.nl/products/otofix-im2-sleutelprogrammeur-auto,extern,klopt,2 jaar gratis software-updates,Wordt door officiële Autel/OTOFIX-verkoopkanalen consequent vermeld.,https://www.auteltool.us/products/otofix-im2-key-programming-diagnostic-tool
1,Jaltest Marine (Buitenboord) Uitleesapparaat,https://astools.nl/products/jaltest-marine-buitenboord-uitleesapparaat,intern,midden,"De intro noemt de Jaltest Link VCI 'waterbestendig', maar de spec-tabel vermeldt 'IP40 stof- en spatwaterbestendig'. Dubbel tegenstrijdig: IP40 betekent géén waterbescherming.",,
1,Jaltest Marine (Buitenboord) Uitleesapparaat,https://astools.nl/products/jaltest-marine-buitenboord-uitleesapparaat,intern,laag,"Onder 'Modulaire opbouw' wordt 'Maritieme toepassingen (Marine)' genoemd als aanvullend te activeren licentie, terwijl het product zelf al de Marine-module is.",,
1,Jaltest Marine (Buitenboord) Uitleesapparaat,https://astools.nl/products/jaltest-marine-buitenboord-uitleesapparaat,extern,klopt,"Ondersteunde buitenboordmerken: o.a. Evinrude, Honda, Johnson, Mariner, Mercury, Suzuki, Tohatsu, Yamaha","Kernmerken komen overeen met de gepubliceerde Jaltest Marine-dekking. Let op: de ook genoemde merken Hidea, Parsun en Vanguard Power zijn in de geraadpleegde dekkingslijsten NIET terug te vinden.",https://marinediagnostictool.com/pages/jaltest-coverage
1,Jaltest Marine (Buitenboord) Uitleesapparaat,https://astools.nl/products/jaltest-marine-buitenboord-uitleesapparaat,extern,klopt,Jaarlijkse licentie met drie grote software-updates per jaar,Cojali brengt drie software-releases per jaar uit.,https://www.diesellaptops.com/products/jaltest-truck-annual-software-renewal-level-1-basic
1,Jaltest Marine (Buitenboord) Uitleesapparaat,https://astools.nl/products/jaltest-marine-buitenboord-uitleesapparaat,extern,klopt,Jaltest Link V9 is ±76% lichter dan de Jaltest V8,Onafhankelijke distributeursbronnen bevestigen dit.,https://dieseltruckdiagnostictools.com/blogs/news/jaltest-link-v9-specs-price-guide
1,Jaltest Marine (Buitenboord) Uitleesapparaat,https://astools.nl/products/jaltest-marine-buitenboord-uitleesapparaat,extern,twijfel,Behuizing IP40,Bronnen spreken elkaar tegen (IP40 vs IP54). Ongeacht de juiste waarde is 'spatwaterbestendig' bij IP40 technisch onjuist.,https://dieseltruckdiagnostictools.com/blogs/news/jaltest-link-v9-specs-price-guide
1,Topdon Phoenix Smart | Uitleesapparaat | Auto,https://astools.nl/products/topdon-phoenix-smart-auto-uitleesapparaat,intern,laag,De accutester wordt in de inleiding 'BTMobile' genoemd en onder 'Optionele uitbreidingsmodules' 'BT Mobile ProS' — inconsistente productnaam binnen dezelfde beschrijving.,,
1,Topdon Phoenix Smart | Uitleesapparaat | Auto,https://astools.nl/products/topdon-phoenix-smart-auto-uitleesapparaat,extern,klopt_niet,Accu: 12.000 mAh,"Topdon specificeert officieel 12.600 mAh / 3,8 V. Klein maar feitelijk onjuist verschil.",https://eu.topdon.com/products/phoenix-smart
1,Topdon Phoenix Smart | Uitleesapparaat | Auto,https://astools.nl/products/topdon-phoenix-smart-auto-uitleesapparaat,extern,klopt,"10.1-inch touchscreen met 1280×800 resolutie, Android 10.0, 4-core 2.0 GHz, 4 GB RAM / 128 GB opslag",Komt exact overeen met de officiële Topdon EU-specificaties.,https://eu.topdon.com/products/phoenix-smart
1,Topdon Phoenix Smart | Uitleesapparaat | Auto,https://astools.nl/products/topdon-phoenix-smart-auto-uitleesapparaat,extern,klopt,"MDCI Pro VCI met J2534, DoIP, CAN FD, D-PDU en RP1210; dekking voor 200+ voertuigmerken",Topdon bevestigt levering met de Phoenix MDCI Pro en 200+ merken.,https://eu.topdon.com/products/phoenix-smart
1,Topdon Phoenix Smart | Uitleesapparaat | Auto,https://astools.nl/products/topdon-phoenix-smart-auto-uitleesapparaat,extern,klopt,2 jaar gratis software-updates inbegrepen,Officiële Topdon-pagina vermeldt '2 years of free software upgrades'.,https://eu.topdon.com/products/phoenix-smart
1,Jaltest Veegmachines Uitleesapparaat,https://astools.nl/products/jaltest-multifunctionele-voertuig-uitleesapparaat,intern,midden,"De sectie 'Specifieke landbouw- en grondverzetfuncties' (hefinrichtingkalibratie, GPS- en stuurautomatiek, geveerde vooras) is niet relevant voor veegmachines en lijkt gekopieerd uit de AGV/landbouw-producttekst.",,
1,Jaltest Veegmachines Uitleesapparaat,https://astools.nl/products/jaltest-multifunctionele-voertuig-uitleesapparaat,intern,midden,Spec-tabel: 'IP40 stof- en spatwaterbestendig' is intern tegenstrijdig — IP40 betekent geen enkele waterbescherming.,,
1,Jaltest Veegmachines Uitleesapparaat,https://astools.nl/products/jaltest-multifunctionele-voertuig-uitleesapparaat,intern,laag,"Onder 'Modulaire opbouw' wordt 'Off-Highway machines (OHW)' genoemd als aanvullend te activeren licentie, terwijl het product zelf als 'Jaltest OHW uitleesmodule' wordt beschreven.",,
1,Jaltest Veegmachines Uitleesapparaat,https://astools.nl/products/jaltest-multifunctionele-voertuig-uitleesapparaat,intern,laag,"Titel ('Jaltest Veegmachines Uitleesapparaat') en handle/URL ('jaltest-multifunctionele-voertuig-uitleesapparaat') verschillen; Jaltest categoriseert veegmachines als 'multi-purpose vehicles', maar het is inconsistent benoemd.",,
1,Jaltest Veegmachines Uitleesapparaat,https://astools.nl/products/jaltest-multifunctionele-voertuig-uitleesapparaat,extern,klopt,"Ondersteunde merken veegmachines: Aebi, ASH, Ausa, Bobcat, Boschung, Bucher, Dulevo, Hako, Johnston, Kärcher, Multicar, Nilfisk, Piaggio, Ravo, Schmidt e.a.",De lijst komt overeen met de officiële Jaltest-dekkingspagina voor street sweepers / multi-purpose vehicles.,https://www.jaltest.com/en/coverage/13/street-sweepers/
1,Jaltest Veegmachines Uitleesapparaat,https://astools.nl/products/jaltest-multifunctionele-voertuig-uitleesapparaat,extern,klopt,Veegmachines vallen onder de Jaltest OHW-software,Jaltest bevestigt dat Jaltest OHW dekking biedt voor o.a. street sweepers.,https://www.jaltest.com/en/diagnostics/jaltest-ohw-construction-machinery/
1,Jaltest Veegmachines Uitleesapparaat,https://astools.nl/products/jaltest-multifunctionele-voertuig-uitleesapparaat,extern,klopt,Jaarlijkse softwarelicentie met drie grote updates per jaar,Cojali/Jaltest brengt drie software-releases per jaar uit.,https://www.diesellaptops.com/products/jaltest-construction-annual-software-renewal-level-3-premium
